window_id,start_index,end_index,mean_speed,max_speed,min_speed,std_speed,mean_accel,max_accel,min_accel,std_accel,mean_jerk,max_jerk,std_jerk,gyro_x_std,gyro_y_std,gyro_z_std,aggression_score_template
Agg_172,6840,7039,3.5408843240691863,10.591113370763,0.5820275396107977,3.3881333818993506,-0.10840571628724512,15.929786572734754,-15.929786572734754,3.5877684372178944,-0.3125907618099078,1112.7016867034451,134.55402604049303,1.8296245591028766,1.5516763569519647,2.133963466559949,0.9037701690776312
Agg_171,6800,6999,6.22901670376386,16.788569036666132,0.5820275396107977,5.937664126112147,0.29947094844549843,15.929786572734754,-15.929786572734754,3.6253072151821777,-0.3141140999321447,1112.7016867034451,134.43630506736844,1.8208845526568522,1.5341287674772202,2.1250233050983747,0.902909867075247
Agg_173,6880,7079,1.7620023860678569,3.91899339427318,0.5820275396107977,1.2395443728697195,-0.44533534459315244,15.929786572734754,-15.929786572734754,3.225642276509906,-0.34046677486890475,1112.7016867034451,126.8910246037098,1.8268624175463013,1.473104528635664,2.1247240526363917,0.9028810703366905
Agg_3,80,279,1.3348800058364867,4.896000051498413,0.0,1.9833414655687245,0.03253260233870572,20.418566456254958,-20.418566456254958,2.4198640637373994,-0.0004885219970924481,766.9617784806314,94.69380419073326,1.0247753941680056,1.074069673438763,0.9569060069146842,0.7546542354679062
Agg_2,40,239,0.4903199948072433,4.896000051498413,0.0,0.8777218930195002,0.014683175462348763,20.418566456254958,-20.418566456254958,2.4132563288281625,-0.022831131073336605,766.9617784806314,94.63774887403471,1.01778328840462,1.0788782509819865,0.9561361308211732,0.7545801511297562
Agg_4,120,319,2.167200014591217,4.896000051498413,0.0,2.2463581254290332,0.10485030211189883,20.418566456254958,-20.418566456254958,2.419261151147046,-0.18664577351389597,766.9617784806314,95.00538253030717,1.0289564875879949,1.0735369787891427,0.9461676209854412,0.7536208922831092
Agg_5,160,359,2.167200014591217,4.896000051498413,0.0,2.246358125429033,0.1317871637426331,20.418566456254958,-20.418566456254958,2.4031436738936347,-0.035592274633822606,766.9617784806314,94.16353048946635,0.9895327135033678,1.0443294924501734,0.8814574745251949,0.7473939053529961
Agg_170,6760,6959,10.140872838313703,21.1133380570862,0.5820275396107977,7.4325363742233606,0.6891708684614841,15.231244321650353,-15.231244321650353,2.39841125768975,-0.525047629704136,1112.7016867034451,116.26102599746011,0.6876580060728017,0.8228947669758784,0.5714747590487829,0.7384383317761574
Agg_6,200,399,2.135880015492439,4.896000051498413,0.0,2.2696137116145843,-0.0030887150610452753,20.418566456254958,-20.418566456254958,1.8427221987017013,-0.8898315206141671,766.9617784806314,73.62365214095821,0.4204986183951329,0.35810703834436,0.40813102902358106,0.701846216913963
Agg_1,0,199,0.36107999897003173,1.0439999699592588,0.0,0.4444897845421802,0.02853707574759246,14.046851364389504,-14.046851364389504,1.6633684946998881,0.43567251101147053,429.4068139837524,61.77408442236068,0.9592794467581187,1.0461824300415226,0.874227873281434,0.48115026545568096
Agg_169,6720,6919,14.584577860221705,23.88831577148215,1.372046910401312,7.44371360710835,0.8843778427407242,10.41561958054884,-10.41561958054884,1.7565247500230596,-0.25263041679801523,364.1085741981898,54.31226366825395,0.2003526374232036,0.5157279645164725,0.3719899852402599,0.33002953346210634
Agg_168,6680,6879,19.426712740995526,28.42868054098728,3.91899339427318,6.516895856348464,1.0881075494566186,10.41561958054884,-10.41561958054884,1.5767751646293926,0.18836866018131446,364.1085741981898,51.83387820368125,0.18832461829332053,0.49610655992679964,0.3545046087996967,0.32834693472729454
Agg_68,2680,2879,40.14606960708327,47.03675790386861,33.93146090711439,4.169054395094991,-0.4593761744225131,7.182892713889283,-4.819727573346381,1.2668703503642034,0.242055576200176,456.46983596913213,62.66957613963709,0.3342066484539916,0.27277396726503134,0.1786163734505159,0.2774023062202274
Agg_69,2720,2919,42.6355449884384,47.03675790386861,36.6891617757569,3.626549275724207,-0.09587466373519944,7.182892713889283,-4.819727573346381,1.3561284581527013,0.3177706669569009,456.46983596913213,62.28962383060287,0.3371570243589201,0.27392809044191163,0.1763138302792678,0.2771807349981287
Agg_70,2760,2959,44.22937969452743,47.03675790386861,39.83755295599234,2.382241716637405,0.2592030399073284,7.182892713889283,-4.819727573346381,1.3742862385913024,0.6331492411753022,456.46983596913213,62.245544667274075,0.33895194708371007,0.2743998974502556,0.1750959901044647,0.27706354356423
Agg_67,2640,2839,37.695855288469346,45.32766290326098,33.22733696966513,3.8310466440288407,-0.6756644062719712,7.182892713889283,-4.819727573346381,1.157846582109193,0.18884101136814033,456.46983596913213,61.58385714516464,0.3268636299794919,0.256784496478425,0.17292359065935417,0.2768544959311823
Agg_71,2800,2999,44.78874591696515,47.03675790386861,40.54860291598617,1.5829069284733994,0.6175332855318468,7.182892713889283,-4.819727573346381,1.3583808547208818,0.3897859119219771,456.46983596913213,62.60941627298178,0.3275338072856729,0.27419993560051564,0.1619871532613101,0.27580209446920356
Agg_48,1880,2079,38.318460142432684,41.36428364850203,34.225965274223945,2.0997615298893044,0.7916508101068337,7.151528867489603,-7.151528867489603,1.5445044254116547,0.0894649564168251,390.53295802722187,62.339445585447564,0.24541741402077474,0.1785171623922326,0.22031677372434974,0.25555365407234254
Agg_49,1920,2119,38.02263879036416,41.36428364850203,33.73649565081013,2.504882108443502,0.9076813362666135,7.151528867489603,-7.151528867489603,1.4526325691884583,0.36421170394396396,390.53295802722187,61.163772083599476,0.214917199550628,0.17712867964640094,0.20726832989377453,0.2542980165311538
Agg_52,2040,2239,36.41692289047664,41.57003342227313,33.73649565081013,2.247633406786184,-0.0534643203309529,7.151528867489603,-7.151528867489603,1.3668695769133612,-0.44730237348971813,390.53295802722187,65.2784643740486,0.19855702068186915,0.1794742993299454,0.19626611723072782,0.2532392855870474
Agg_51,2000,2199,36.69485584772154,41.36428364850203,33.73649565081013,2.6808082416736063,0.44462316678412234,7.151528867489603,-7.151528867489603,1.5335768162957808,-0.5325233799042149,390.53295802722187,66.29647715319562,0.2026569137370192,0.17850933898616692,0.18818589785427786,0.25246173487511214
Agg_50,1960,2159,37.31940883748786,41.36428364850203,33.73649565081013,2.969009339609951,0.8785364677877685,7.151528867489603,-7.151528867489603,1.5096255428799132,-0.01754723171192623,390.53295802722187,64.52008531924591,0.21380903858663058,0.17582037712318535,0.17665710330485251,0.25135233152948167
Agg_26,1000,1199,37.46556027598149,38.91600151056427,35.42400054927428,1.2859011334418804,0.459141073372127,5.905021890569616,-4.603285728008009,1.1763480414045755,0.10258431545326943,286.1486717708565,52.02576115487384,0.243370477960962,0.18541213912349902,0.23905614034272635,0.19075782416609025
Agg_25,960,1159,36.85284029383665,38.41200027460452,35.42400054927428,1.3777176081747924,0.21961084109392512,5.905021890569616,-4.603285728008009,1.0822366785770348,-0.027287172131779728,286.1486717708565,58.57504019307887,0.3074737176985426,0.2068281187179987,0.21630881159484655,0.18856887349055662
Agg_27,1040,1239,38.142360488838925,38.916001510564286,36.14399986262617,0.9232744564051782,0.7354799024908023,5.905021890569616,-4.603285728008009,1.206081133158138,0.3012116670514999,286.1486717708565,52.849954258193016,0.24702546816570078,0.18757082590763788,0.2086755467207949,0.1878343327236923
Agg_24,920,1119,36.738720325422804,38.41200027460452,35.42400054927428,1.3349287681293645,0.20448151941125253,5.905021890569616,-4.603285728008009,1.027550654759268,-0.0412771603808712,286.1486717708565,53.391883356965955,0.31749021406798655,0.1970570844827303,0.20085908039462014,0.1870821626805807
Agg_23,880,1079,36.70992035288875,38.41200027460449,35.42400054927428,1.2994245198660215,0.37448958880956057,5.905021890569616,-4.603285728008009,1.0631075470703755,0.028161384815996903,286.1486717708565,52.91407664679642,0.2952704746316155,0.19639446932058474,0.19498605531590188,0.18651700787247233
Agg_148,5880,6079,39.529838581262375,45.75221172630088,33.52805965741425,3.705092811340515,-0.2616856156505831,4.543890975248714,-2.6271133009380465,0.8967315649414347,0.5226862654544133,201.32497302908354,45.17939289170411,0.19287581274918608,0.12533888351811703,0.14625215466755673,0.1202435001323434
Agg_152,6040,6239,45.53887160903507,46.50847728739117,44.13231287438998,0.7383277822216215,0.7092556049074237,4.543890975248714,-1.612735487826632,0.7287053192738093,0.16486319054735943,201.32497302908354,38.00390553265303,0.24300618123969644,0.1405024205791514,0.14034814644031932,0.11967536384959099
Agg_149,5920,6119,41.89200966281513,46.50847728739117,37.03963629265694,3.14455427036845,0.001976925376313261,4.543890975248714,-2.6271133009380465,0.910949823000127,0.40849178035826017,201.32497302908354,45.06700374234131,0.2141433013081273,0.1425638141750754,0.1352705628060857,0.11918675350551838
Agg_151,6000,6199,44.88014608574131,46.50847728739117,41.7250097879758,1.6218271019732688,0.5233885124760882,4.543890975248714,-1.612735487826632,0.8228086592718593,-0.012072434652154058,201.32497302908354,39.69699871594096,0.23026756352730027,0.14113463375244542,0.12925469515306864,0.11860785311202844
Agg_150,5960,6159,43.69170440317717,46.50847728739117,39.39055148354189,2.552714613211618,0.271791234639796,4.543890975248714,-1.612735487826632,0.8652487300500338,0.05175149330132179,201.32497302908354,39.804328339047004,0.20867809503101883,0.1413866638647535,0.11894583437427271,0.11761584266474326
Agg_107,4240,4439,44.70165713653922,47.06466396482312,40.586205910491074,1.9200620178570191,0.3907953236314296,3.884919958877551,-3.884919958877551,0.9144989222751344,0.5091842725993899,214.00167305239657,45.53911762667183,0.20311317711833646,0.21404931094661206,0.1277792033459118,0.10918166564556381
Agg_108,4280,4479,43.414789001447296,46.009328342323215,39.82498614714125,2.151440678025047,0.5518815710292594,3.884919958877551,-3.884919958877551,0.9330762478031488,0.3650205393984863,214.00167305239657,43.39859327566467,0.19910966362449686,0.19723334863998873,0.12325538499269785,0.1087463435314812
Agg_106,4200,4399,45.9825346911892,48.25417724613568,41.862860698959,1.5733071334590993,0.46396329276713344,3.884919958877551,-3.884919958877551,0.893911069949056,-0.08279007310700372,214.00167305239657,46.051331742011044,0.20818147017174096,0.2160643956191025,0.11605838666100271,0.10805378421893129
Agg_105,4160,4359,47.21937892784652,50.08659572727277,43.93892078467271,1.6577195057156007,0.46685934372736043,3.884919958877551,-3.884919958877551,0.9127005937781001,-0.049033604645917564,214.00167305239657,47.270790184948225,0.20410960764350958,0.22127597609663482,0.11433127923664796,0.10788758655215634
Agg_104,4120,4319,48.34303966283008,51.12916581598285,45.60428060006778,1.8900573773988834,0.49416535668987266,3.884919958877551,-3.884919958877551,0.9053494408729968,0.1549778933124732,214.00167305239657,46.74687155133611,0.1995493576421266,0.21340667942096922,0.1070835276514685,0.10719014330928954
Agg_118,4680,4879,17.40084358623875,24.41116280466081,11.435071179495658,3.9841083426736614,0.10904292345678127,4.685726343496886,-2.6422853597470324,1.1186760394357664,-0.5369880113195199,142.59684689807833,33.54549744563424,0.16633666992352897,0.23237079088116994,0.18639801531622752,0.1047121483685591
Agg_116,4600,4799,22.977652261710183,29.07823060060239,14.332645135473642,4.852534175259534,0.36584539777135966,4.685726343496886,-2.6422853597470324,1.1543167216667152,-0.17176001423165643,142.59684689807833,40.632855592557306,0.2073834704752442,0.2543681245879675,0.14508104630472046,0.10073626143118981
Agg_117,4640,4839,20.068786272991606,27.228869355992945,13.824987367770015,4.84161994197771,0.32199215280660004,4.685726343496886,-2.6422853597470324,1.1176494102376884,0.018321510931149306,142.59684689807833,36.144228240667154,0.19001541027264962,0.24121268362741694,0.14319115535745028,0.10055439928326189
Agg_115,4560,4759,26.13419153653633,32.047832299820826,16.082116353513232,4.2803280064859175,0.5466988201292926,4.685726343496886,-2.573692028326962,1.0566965203924537,0.2930654425878474,142.59684689807833,41.25400755797067,0.20649295040787397,0.2526413110458584,0.14241960410889773,0.10048015374676629
Agg_28,1080,1279,38.5391530043022,38.916001510564286,35.930408118397644,0.5010694238455352,0.7938426070553901,3.2879322902430537,-2.217846020361678,1.018273615149848,-0.16683941425665685,202.08043269532405,37.94401635864413,0.21756480010965987,0.12468157836673492,0.14836298993895547,0.09381015717459015
Agg_29,1120,1319,38.01337288928454,38.916001510564286,34.94835199252145,1.2326189675412544,0.808164414673383,3.335580137801045,-3.335580137801045,1.140390208277775,-0.21727114832296046,202.08043269532405,48.75092002083159,0.2547172296955364,0.15865548738973462,0.11373347742663435,0.09149926473908024
Agg_8,280,479,4.541760024547457,16.12800006866455,0.0,6.5464714887703535,-0.575293604151633,5.027463403801904,-5.027463403801904,1.3026846776512038,-0.027440981295916843,92.75070916813563,22.95044063837781,0.17261585540604796,0.3637815313973013,0.16303266085268317,0.09074772372077951
Agg_9,320,519,6.945840019225146,16.48799972533752,0.0,7.9809804965041335,-0.8992491449209166,5.027463403801904,-5.027463403801904,1.279023993182675,-0.18974285921738931,92.75070916813563,22.818703821985785,0.16856677319132016,0.3616396212504317,0.1626699384886012,0.0907128193426572
Agg_32,1240,1439,37.34816275381244,40.88418481790394,34.94835199252145,1.7897497284489277,0.4462447669339181,3.335580137801045,-3.335580137801045,0.9206212106249633,0.08397451481675094,183.52256644675907,42.05306816674508,0.2370489746941767,0.13332153777988054,0.1703405668208776,0.0898570676560058
Agg_11,400,599,13.74191992377948,23.18400020598175,0.0,6.292152663835621,-1.1135926539936376,5.027463403801904,-5.027463403801904,1.184213761004569,0.37354694333357924,92.75070916813563,24.024784937133536,0.1717141644122952,0.36307440159557364,0.14979527483702829,0.08947390447886223
Agg_10,360,559,10.24343996429265,16.48799972533752,0.0,7.834021134255323,-1.0145048013296116,5.027463403801904,-5.027463403801904,1.2586430770903743,0.06732065773843847,92.75070916813563,22.314754930026783,0.17003029697698466,0.36438904535883904,0.1489540800810339,0.08939295722348127
Agg_31,1200,1399,37.19804676255149,39.45171028727466,34.94835199252145,1.5956908857987862,0.5346322642978856,3.335580137801045,-3.335580137801045,0.9954307310408922,-0.12161769500566975,183.52256644675907,44.06619724954809,0.23844009341735697,0.13897171904529199,0.16434056131541838,0.08927969365970284
Agg_33,1280,1479,37.80536180058463,40.88418481790394,34.94835199252145,2.209489891437079,0.5086976738532504,3.335580137801045,-3.335580137801045,0.9294801899943043,0.4022418490504534,183.52256644675907,40.85573298765416,0.23044014459795742,0.12511129833539528,0.1457527487790269,0.0874910086998471
Agg_12,440,639,17.99315994643623,26.45999965665957,16.12800006866055,3.1076464001898745,-0.7999568545384408,5.027463403801904,-5.027463403801904,1.0158316131362353,0.14340545780599542,92.75070916813563,27.439370898602192,0.08908021335466906,0.11879504597635593,0.12208261724500231,0.08680714561547034
Agg_114,4520,4719,29.29991435129461,36.10413963925113,20.299720013550825,4.174530540652129,0.7380697692962659,4.685726343496886,-1.469073360117148,0.9564069824069575,0.019497188357239778,106.85914991983644,38.74820359907248,0.20210099261359138,0.24546486237450063,0.1341873928993624,0.08603553984403693
