time,seconds_elapsed,altitude,speedAccuracy,bearingAccuracy,latitude,altitudeAboveMeanSeaLevel,bearing,horizontalAccuracy,verticalAccuracy,longitude,speed
1781099236000030000,-0.559969970703125,3.45233154296875,1.4900000095367432,-1,23.06370867884072,58.613555908203125,-1,21.767766507464174,3,72.65235956765027,0
1781099237000021200,0.440021240234375,3.91424560546875,2.5199999809265137,71.57741819963384,23.063714755720518,59.075469970703125,69.609375,21.767766507464174,3,72.65237809165627,0.2800000011920929
1781099238000018400,1.440018310546875,4.037109375,1.5700000524520874,96.5831778831574,23.063713079339884,59.198333740234375,275.2734375,21.767766507464174,3,72.65236317186863,0.2199999988079071
1781099239000011000,2.440010986328125,4.4722900390625,1.5700000524520874,99.88517136569754,23.063714588082455,59.633514404296875,114.609375,21.767766507464174,3,72.65236350714476,0
1781099240000003600,3.440003662109375,4.76751708984375,1,97.37661363828111,23.063710941954575,59.928741455078125,146.6015625,21.767766507464174,3,72.6523609925738,0
1781099241000000000,4.44,4.90582275390625,1.0099999904632568,88.86617061168855,23.063707631102822,60.067047119140625,178.59375,21.767766507464174,3,72.65236107639284,0
1781099241999988000,5.439988037109375,5.034149169921875,1.2200000286102295,48.47233965267934,23.063698578647397,60.19537353515625,209.8828125,21.767766507464174,3,72.6523575559935,0.28999999165534973
1781099242999980000,6.43997998046875,4.83660888671875,2.0899999141693115,68.4458447670747,23.063687598354242,59.997833251953125,211.640625,21.767766507464174,3,72.65234900645227,1.3600000143051147
1781099243999975200,7.43997509765625,4.594573974609375,1.440000057220459,88.13700693665466,23.06368256921234,59.75579833984375,206.3671875,21.767766507464174,3,72.65234665951938,1.3600000143051147
1781099244999960000,8.4399599609375,4.543792724609375,1.440000057220459,99.54662620929669,23.06368508378329,59.70501708984375,202.5,21.767766507464174,3,72.65234800062389,0
1781099245999948300,9.4399482421875,4.3680419921875,0.9900000095367432,99.61041334595544,23.06368923282536,59.529266357421875,129.0234375,21.767766507464174,3,72.65235026373774,0
1781099246999943700,10.439943603515625,4.324371337890625,1.2400000095367432,65.54546640773131,23.06369644126209,59.485595703125,49.21875,21.767766507464174,3,72.65235730453641,0
1781099247999938800,11.439938720703125,4.43243408203125,0.5,7.325703172597898,23.063720120138548,59.593658447265625,38.671875,21.767766507464174,3,72.65237800783724,4.480000019073486
1781099248999934700,12.439934814453125,4.432435167022049,0.4999999999998759,9.043355815754799,23.063751703531853,59.593659532256424,38.67188570186432,21.767766507461577,3.000000000018856,72.65240532559497,4.480000019072375
1781099249999930400,13.439930419921875,4.56298943888396,0.7185619110415831,12.712657666176844,23.06378746619111,59.724213804118335,37.96876077218621,21.767766507461456,3.0000000000197047,72.65243442262599,4.579999923704866
1781099250999926300,14.43992626953125,4.396638120524585,0.7185619110415831,12.712657666181673,23.063838435482257,59.55786248575896,34.10157231673627,21.767766507461456,3.0000000000197207,72.65246693621673,4.579999923704865
1781099251999922700,15.439922607421876,4.2848538449034095,0.7185619110414007,9.040989227305051,23.06390371498848,59.446078210137784,31.28907528654701,21.767766507458795,3.0000000000390092,72.65250594903856,6.440000057217152
1781099252999917600,16.43991748046875,4.195255220867693,0.7185619110412894,7.92162882947514,23.063959506202146,59.35647958610207,36.5625167385382,21.767766507457175,3.0000000000507625,72.65255895214787,7.349999904627657
1781099253999913200,17.439913330078124,4.273047313094139,0.7185619110409751,7.2589745186802395,23.06403126987149,59.434271678328514,49.28315353393555,21.767766507452595,3.0000000000839906,72.65263554976585,9.460000038136513
1781099254999912200,18.439912109375,3.9833150170743465,0.7185619110407961,7.258974518679589,23.064088753643865,59.14453938230872,49.28315353393555,21.767766507449988,3.000000000102909,72.65272565562616,10.479999542222131
1781099255999905500,19.439905517578126,3.9522476457059383,0.7185619110408508,7.258974518679475,23.064108250838807,59.11347201094031,66.42384338378906,21.767766507450784,3.000000000097152,72.65282339864879,10.18999958037027
1781099256999901000,20.43990087890625,3.646095773205161,1.499999999997971,11.597586640282765,23.064146316580942,58.807320138439536,66.42384338378906,21.76776650745001,3.0000000001027605,72.65291766684658,10.479999542222151
1781099257999896000,21.43989599609375,3.702278888784349,0.7185619110407704,7.258974518679254,23.06413091303234,58.863503254018724,88.22533416748047,21.767766507449615,3.000000000105635,72.65302764523983,10.64000034330796
1781099258999893500,22.4398935546875,3.8326804805547,0.7185619110407726,7.258974518680133,23.064133964545537,58.993904845789075,88.22533416748047,21.767766507449647,3.0000000001054077,72.65313408202753,10.630000114426169
1781099259999888000,23.439887939453126,3.6684959102422,0.7185619110407726,7.2589745186766885,23.06414284082033,58.829720275476575,92.99419403076172,21.767766507449647,3.0000000001054157,72.65322756646741,10.63000011442617
1781099260999883800,24.4398837890625,3.581214371137321,0.7185619110409152,7.2589745186702155,23.064131159793213,58.742438736371696,92.99419403076172,21.76776650745172,3.0000000000903397,72.65330959139357,9.84000015257619
1781099261999879400,25.43987939453125,3.8625559248030186,0.7185619110409152,7.258974518679324,23.064125024351682,59.023780290037394,100.44855499267578,21.767766507451725,3.000000000090333,72.65340393917411,9.84000015257619
1781099262999876000,26.4398759765625,3.985938800498843,0.7599999904623163,7.258974518679286,23.06410268049538,59.14716316573322,100.44855499267578,21.767766507451213,3.00000000009403,72.65350142180326,10.039999961840602
1781099263999872300,27.439872314453126,3.9979027155786753,0.7185619110407647,7.258974518679683,23.06407320916274,59.15912708081305,108.5245361328125,21.767766507449533,3.0000000001062435,72.65360589243362,10.670000076279024
1781099264999867400,28.439867431640625,4.096993290819228,1.2599999904614954,9.568497539779715,23.06404823276832,59.2582176560536,107.02877807617188,21.767766507449537,3.0000000001062,72.65368985150195,10.670000076279031
1781099265999863600,29.439863525390624,3.360268441028893,1.080000042913833,8.201569707788682,23.06401882391856,58.52149280626327,107.02877807617188,21.767766507449526,3.0000000001062976,72.65379362088947,10.670000076279015
1781099266999859500,30.439859375,3.9477320536971092,0.759999990462166,7.258974518679393,23.064007620867258,59.108956418931484,93.83546447753906,21.767766507449146,3.0000000001090394,72.65391560333055,10.810000419601186
1781099267999855600,31.439855712890626,4.101510128006339,1.1000000238402798,8.24526491873927,23.064030701241943,59.262734493240714,83.18762969970703,21.767766507449153,3.0000000001090075,72.65401958306651,10.81000041960119
1781099268999851800,32.439851806640625,3.2884354377165437,1.275603304324459,10.355942282727685,23.064084949803078,58.44965980295092,69.15205383300781,14.245954780552447,8.141959442976496,72.65410815609353,9.980668921777124
1781099269999847400,33.43984741210937,3.051406211219728,1.2716229170871576,10.613807049573557,23.064182956287944,58.2126305764541,53.44373799186591,14.245954724114302,8.192471843993275,72.65416294390117,9.70787555347818
1781099270999843000,34.43984301757813,3.1986276898533106,1.2721435958755791,9.97566996869906,23.064272453629613,58.359852055087686,40.23839537749861,14.24595474522845,8.050350687205764,72.6542183233798,10.333087323389787
1781099271999839200,35.439839111328126,2.6618019118905067,1.2703296717314518,9.3926997029761,23.064367988022976,57.82302627712488,32.63026714025846,14.245954752207393,7.884934511708419,72.65426784206682,10.958808413131848
1781099272999835400,36.43983544921875,2.154873396269977,1.2659529952447273,9.032312772671878,23.064462068291057,57.31609776150435,32.70415327605876,14.245954728732292,7.9576430078235445,72.65432672689604,11.356718004973317
1781099273999831600,37.43983154296875,1.7011157870292664,0.900029220860818,7.255492271431184,23.06453989857966,56.86234015226364,37.19513615015838,14.245954824985773,12.443469673019127,72.65438621223359,11.115927111818246
1781099274999827000,38.43982690429687,1.6708919759839773,0.9011505874945696,7.256728021264996,23.064605377463884,56.83211634121835,39.88363234581768,14.24595467514997,12.418278999173257,72.65444931375544,10.229649854016971
1781099275999822600,39.43982250976563,1.1654082089662552,0.9092326999389462,8.189721155399406,23.064654742216014,56.32663257420063,43.827501261370614,14.24595496457293,12.27566166414361,72.65450770239845,8.985333399062034
1781099276999820300,40.4398203125,1.2207434587180614,0.9115164608697034,9.156494967512593,23.064692631236465,56.381967823952436,49.47418272181207,14.245955074126714,12.923061537561045,72.65456687377603,8.059371158620785
1781099277999815400,41.4398154296875,2.129341342486441,0.904759419606207,9.718579379945178,23.06472755398885,57.290565707720816,53.026260824462796,14.245954866877131,12.865324769016462,72.6546239922993,7.54270721018089
1781099278999811800,42.43981176757813,1.9339408334344625,0.9040524822056318,8.961428624846496,23.06476927405506,57.09516519866884,56.09696188885497,14.24595489908811,12.605996817203458,72.65469726928002,8.17463269806859
1781099279999807700,43.43980786132813,2.3127504475414753,0.9195644791949985,8.197349113413138,23.06481491193625,57.47397481277585,57.86512193451253,14.245954898612217,11.8357377451404,72.65478121178012,9.089001487360601
1781099280999803000,44.43980297851562,2.143524947576225,0.924159255192914,8.215211651978386,23.064872531684017,57.3047493128106,52.23256485747865,14.245954807958045,12.61479902978072,72.65484743990879,9.115153803443745
1781099281999800300,45.43980029296875,2.5374141559004784,0.9175217763636786,8.5194874092903,23.064936210980722,57.69863852113485,42.98314608839955,14.245954822629344,12.407474540596226,72.65489597772323,8.72557340596106
1781099282999795000,46.439794921875,3.2017063023522496,0.9232643534205971,8.277260504492453,23.065017148879694,58.362930667586625,30.50106297920242,14.245955299549566,12.24994791338981,72.654928869321,9.031291959638175
1781099283999791600,47.43979150390625,2.5673650465905666,0.9021471061092101,7.44718852656006,23.065111992874307,57.72858941182494,20.982318613946905,14.2459551854923,12.582745291948282,72.65495459210022,9.816144096856062
1781099284999787300,48.43978735351563,2.6662818593904376,0.950039227166286,7.430719327703458,23.065204442141102,57.82750622462481,14.521512985229492,14.245955602416256,11.782738300115511,72.6549857486089,10.359723434583126
1781099285999783000,49.439782958984374,2.8112396830692887,0.9007855910778861,7.258937531057831,23.065306221971014,57.972464048303664,14.521512985229492,14.245955417713912,12.605669365865396,72.65501306051151,11.027404468627513
1781099286999779600,50.439779541015625,2.5090589746832848,0.9018920426696014,7.2585945470140745,23.065412463508018,57.67028333991766,13.946305365081471,14.245955386319345,12.713411967984616,72.65503667415044,11.490078791250564
1781099287999775000,51.43977490234375,1.8069927114993334,0.902397700992041,7.253868534807271,23.065496044012797,56.96821707673371,18.740743748498794,14.24595520046139,13.025059346287184,72.65507468102832,10.573072467941648
1781099288999770600,52.4397705078125,1.9863627515733242,0.905418798442985,7.715390870865021,23.065559072302307,57.1475871168077,29.3762399582926,14.245954926017204,12.569845424370312,72.65513061273826,9.507212576173318
1781099289999766800,53.439766845703126,2.956838714890182,0.9028287311054151,7.802730789111619,23.06561265699781,58.11806308012456,41.43772501724803,14.24595485644743,11.745784884758102,72.65520462847836,9.371248791891702
1781099290999763500,54.43976342773438,2.507112255319953,0.9043947468304725,7.258972103187287,23.065637848303762,57.66833662055433,53.66141128540039,14.245954810762006,12.677691452343058,72.65531795122153,10.117372324653905
1781099291999759000,55.439759033203124,2.738861690275371,0.908497557242394,7.258829740106457,23.06570048638085,57.900086055509746,52.45155715942383,14.245954973879215,12.472471650816233,72.65540881806989,10.864029553709075
1781099292999755000,56.43975512695312,2.926565040834248,0.9081331564023325,7.25862996806842,23.06577802811777,58.08778940606862,52.45155715942383,14.24595524019638,12.173948362049517,72.65549299819544,11.547231506186979
1781099293999751200,57.43975122070312,2.8972961409017444,0.9085197088762962,7.258959692468183,23.065851362440533,58.05852050613612,49.54766845703125,14.24595516359028,12.464265511658066,72.65558999029919,12.205016904443514
1781099294999746800,58.43974682617188,2.795988008379936,0.9417763891982517,7.258933095118926,23.0659285068779,57.95721237361431,44.6226692199707,14.245954506963939,11.825456117077875,72.65568345941786,12.495013451063347
1781099295999744000,59.43974389648437,2.4552383152768016,0.9663781601693774,7.258021533221485,23.065999961298015,57.61646268051118,44.6226692199707,14.245953744576054,11.174730168118097,72.65575943178884,11.686189329789759
1781099296999739600,60.43973974609375,2.248128455132246,0.9364450012960208,7.257533901615374,23.06606749553882,57.40935282036662,39.42632293701172,14.24595408422564,12.037952834367882,72.65582312081801,10.721116622888921
1781099297999735800,61.43973583984375,1.8683175118640065,0.945191473278602,7.878869665606918,23.0661270367501,57.02954187709838,39.42632293701172,14.245954083406126,11.859123354960936,72.6558803496236,9.71446713506371
1781099298999735300,62.4397353515625,2.6378360027447343,0.9692186019484544,8.777539240919014,23.066184564703157,57.79906036797911,39.42632293701172,14.24595392808646,11.383498376195703,72.65593099880704,8.947976461279305
1781099299999727600,63.4397275390625,2.632585797458887,0.965950237875079,8.79707116094115,23.066240869123178,57.79381016269326,48.363155364990234,14.24595388779304,11.220518584886062,72.65599091786102,8.897549533867494
1781099300999724000,64.43972412109375,3.5390046210959554,0.9134667192955765,7.901799081977654,23.06628320569505,58.70022898633033,53.19108963012695,14.245954408496388,11.960191233676113,72.65607758187738,9.359834026504473
1781099301999719700,65.4397197265625,3.7582838153466582,0.9004311677254552,7.59068030450288,23.06633797566491,58.91950818058103,53.19108963012695,14.245954522358378,12.737904456411007,72.65615667783224,9.604979035612466
1781099302999715600,66.43971557617188,3.487046896480024,0.9080766426461878,7.971407630998935,23.066365578156834,58.6482712617144,63.404605865478516,14.24595470476796,12.70959093559686,72.65623572115545,9.229815824906979
1781099303999711500,67.43971142578125,3.123728488571942,0.903976172646044,7.7711582124695004,23.066406090536393,58.28495285380632,61.546485900878906,14.24595476267664,12.693089994505394,72.65632174334625,9.425405807531774
1781099304999707600,68.43970776367188,3.6976667027920485,0.906079310586911,7.25759206426925,23.066452670880818,58.85889106802642,61.546485900878906,14.245954858983161,12.578979730585466,72.65641463760888,10.191433826599141
1781099305999703800,69.43970385742188,3.574816510081291,0.9054820808024846,7.258697374581961,23.06650410516443,58.736040875315666,61.546485900878906,14.24595505375992,12.68895336094379,72.65651721198249,11.065986932220094
1781099306999700000,70.43969995117187,3.619863477535546,0.9042629443080549,7.258700111462417,23.066562925368594,58.78108784276992,59.56090545654297,14.245955008737818,12.762015759764697,72.65662509179286,11.938531928827384
1781099307999696100,71.43969604492187,4.144637428224087,0.9081884859134658,7.25652052935404,23.066628268988474,59.30586179345846,55.85614013671875,14.245955126245567,12.439880257252584,72.65673394643264,12.59101747312805
1781099308999692000,72.43969213867187,4.0666112042963505,0.9344290924615399,7.258025138006315,23.066700646810343,59.227835569530725,53.059329986572266,14.245954688049578,12.449425143759125,72.65684191529847,13.065766084407949
1781099309999688700,73.43968872070313,5.794080354273319,0.9403757399681105,7.242134873273714,23.06678714241091,60.955304719507694,44.44877624511719,14.24595539106596,10.806344625356575,72.65692180099776,12.613423566477936
1781099310999684900,74.43968481445313,5.171332675032318,0.9183671286583034,7.254070981257849,23.066859833995267,60.33255704026669,44.44877624511719,14.245955401039538,12.552457296375879,72.65701133237543,12.099107166323844
1781099311999681000,75.43968090820313,4.21796942781657,0.9099585982201288,7.2587319093718525,23.06692850259005,59.379193793050945,44.44877624511719,14.245955198587009,12.80791528642043,72.65708412897035,11.263500809996161
1781099312999676200,76.43967626953125,3.9269268633797765,0.9103197282185936,7.257881895185596,23.066988797539366,59.08815122861415,44.44877624511719,14.245955053509164,12.908045186934988,72.65714804853573,10.231460634303433
1781099313999672800,77.4396728515625,3.5202662320807576,0.9028957677001713,7.621923221269491,23.067047779273643,58.68149059731513,43.5590934753418,14.245955200361308,12.857025268351816,72.65720896132967,9.595518233839115
1781099314999668500,78.43966845703125,3.6766851991415024,0.9101873378066464,8.008282741459778,23.067105447469697,58.83790956437588,43.5590934753418,14.245955197785783,13.004425403027447,72.65726822563745,9.209647040902182
1781099315999664600,79.43966455078125,3.49795594625175,0.9089058651369692,8.160618575416082,23.067163994632157,58.659180311486125,43.5590934753418,14.245955148179775,13.030336643415989,72.65732839323832,9.02456999578464
1781099316999661000,80.4396611328125,3.715084238909185,0.906078739354954,8.37730248643531,23.067219600458266,58.87630860414356,43.5590934753418,14.245955143800545,13.129595471798925,72.65738553809506,8.763407203268962
1781099317999656400,81.43965649414062,3.5904099782928824,0.9057970023338902,8.803924098144586,23.067276029808554,58.75163434352726,39.13520812988281,14.245955037338396,13.1916734901469,72.65743922729307,8.336526035465248
1781099318999652900,82.43965283203126,3.544980926439166,0.907250530880907,9.328329297244855,23.067328411673063,58.70620529167354,39.13520812988281,14.245954947091976,13.07685730964403,72.65748529053351,7.880647065942034
1781099319999649500,83.4396494140625,2.9927001278847456,0.9066047991666333,9.808538203489697,23.067378149760234,58.15392449311912,39.13520812988281,14.245954956980212,13.200262225850496,72.65752902890578,7.48455752762548
1781099320999644700,84.43964477539062,2.9644662272185087,0.9071999800957631,10.39087522253807,23.06742541957416,58.125690592452884,39.13520812988281,14.245954867172538,13.208965819718214,72.65757059674348,7.071227875145369
1781099321999640800,85.43964086914062,3.2962565012276173,0.9066043267734001,10.989491454760799,23.067469521753697,58.45748086646199,39.13520812988281,14.245954836209624,13.067383262038389,72.65760937904747,6.6846018750951455
1781099322999636700,86.43963671875,3.4745328994467854,0.9062180717520338,11.030276837251211,23.06751501071198,58.63575726468116,39.13520812988281,14.245954834027568,13.02058476741978,72.6576493808489,6.656087564371934
1781099323999633000,87.4396328125,3.3077041814103723,0.9121740649837963,10.029433445017451,23.067570353864365,58.46892854664475,39.13520812988281,14.24595499341347,12.514682724194895,72.65769804816931,7.369495320323592
1781099324999629000,88.43962915039063,3.155319600366056,0.9227737287165574,9.015319644435488,23.067633321822893,58.31654396560043,39.13520812988281,14.245954946845426,11.55184581723933,72.65775342054508,8.29365517923496
1781099325999625200,89.43962524414063,3.559345306828618,0.9166257630487686,8.042203347496907,23.067703161572247,58.72056967206299,39.13520812988281,14.245954901113649,10.922484778224746,72.65781483579441,9.233970586430177
1781099326999620400,90.43962036132812,5.382151906378567,0.9214918750865185,7.4468307839473,23.067776741417564,60.54337627161294,39.13520812988281,14.245954726511355,10.730159203809517,72.65787953999012,9.983593422550777
1781099327999618000,91.4396181640625,6.5733873546123505,0.9167251446572127,7.218474991257967,23.06786238392209,61.734611719846725,43.85477066040039,14.245954664114933,11.811353484263703,72.65796635295968,11.673860981958654
1781099328999613400,92.43961352539063,5.727531796321273,0.9677475014926911,7.250618207123587,23.067932369683334,60.88875616155565,43.85477066040039,14.245954489299365,10.518966822371269,72.65803902268242,11.285250257788631
1781099329999610600,93.43961059570313,2.7440406968817115,0.9169274326565521,7.297866057041266,23.067973397181667,57.90526506211609,55.03059005737305,14.245954421460457,12.080940789404755,72.65810408641909,10.15211717033425
1781099330999606000,94.43960595703125,3.2424554247409105,0.9228791459696384,7.438184236151037,23.06801329080742,58.403679789975286,61.24684524536133,14.245954447475254,12.109954039523304,72.65818753979676,10.04867393278765
1781099331999602000,95.43960180664062,3.0181430829688907,0.9239622912136846,7.289949985507071,23.068034503850694,58.179367448203266,72.59227752685547,14.245954786847724,11.637276915009984,72.65827730757115,10.267948117797511
1781099332999597300,96.43959741210938,2.5826927917078137,0.934781292461761,7.255741243124263,23.068048681069282,57.74391715694219,82.95167541503906,14.24595464310424,10.909105959640058,72.65838114976705,10.843480796376712
1781099333999594200,97.43959423828124,3.1450625006109476,0.9059063146404663,7.258856123027209,23.06805087833773,58.30628686584532,90.76914978027344,14.245954277683008,11.858092372276234,72.65849682684338,11.60705997141209
1781099334999590100,98.43959008789062,3.3968057883903384,0.9301900240468214,7.258930807370905,23.068038890218745,58.55803015362471,96.74820709228516,14.245954160034932,10.663363966248738,72.65861577391745,12.246148851699745
1781099335999586800,99.4395869140625,5.499615672044456,0.912815771014924,7.237316760525125,23.06802498549783,60.66084003727883,96.74820709228516,14.245954330179316,11.861666368817815,72.65874277034087,12.641213527000597
1781099336999581700,100.43958178710938,4.113971086218953,0.9077493886070647,7.25877585803527,23.068010349547077,59.27519545145333,96.74820709228516,14.245954490575132,12.180679795110986,72.65887644537413,13.220717045613755
1781099337999577600,101.43957763671875,4.712038891389966,0.9004757096558634,7.256776144041277,23.067997994267007,59.87326325662434,95.36543273925781,14.245954586175609,12.341965003574215,72.65901472004035,13.674518731343293
1781099338999574000,102.43957397460937,4.2246603183448315,0.7499221135161689,7.258969795501447,23.067985830379154,59.38588468357921,95.36543273925781,10.969566249286864,9.947843150448753,72.65915469273385,14.15422349080176
1781099339999570400,103.4395703125,4.307568792253733,0.9049565511381589,7.258811759646881,23.06797379255735,59.46879315748811,95.36543273925781,9.40063459396475,8.432961776781973,72.6592932146275,14.202546059995234
1781099340999566000,104.43956616210937,2.405767248943448,0.9214416576934871,7.248091000527296,23.06797425245365,57.56699161417782,90,8.665430290773436,7.404405518515675,72.65943132654044,13.91294325757577
1781099341999563000,105.43956298828125,2.7407708652317524,0.910722251599524,7.255230811936568,23.067974252453208,57.90199523046613,90,8.325256378246896,7.613462006457218,72.65955687151765,13.403938123926578
1781099342999558400,106.43955834960937,3.5022061010822654,0.9144354468746615,7.258849615974742,23.06797973092632,58.66343046631664,90,8.157256453238768,8.691015248279557,72.65968598516886,13.073517768006422
1781099343999554000,107.43955395507813,4.064562188461423,0.908908666298673,7.2581352677747075,23.067998930033372,59.2257865536958,82.89033508300781,8.07869329830041,8.098903397999575,72.65980811536,12.78036898397867
1781099344999550700,108.43955078125,4.379526541568339,0.9220105866424293,7.2578411982287685,23.068005784789683,59.540750906802714,82.89033508300781,8.039964260418701,8.45366079433225,72.65993211581092,12.66785572224105
1781099345999546600,109.43954663085937,3.927541246637702,0.9242866831318229,7.2585097441939475,23.068025073414304,59.08876561187208,77.83857727050781,8.020445551075538,8.626555227760008,72.66004712880734,12.205255773520195
1781099346999542800,110.43954272460938,3.9996576961129904,0.9209377722102089,7.258636458095328,23.06805238553635,59.160882061347365,77.83857727050781,8.01071449208809,8.732823589901988,72.66015373685855,11.6285724163775
1781099347999538000,111.43953784179688,4.068022143095732,0.9292941469791582,7.258928120990189,23.06807750974543,59.22924650833011,77.83857727050781,8.005788810084935,8.408075010913523,72.66025766968642,11.27394608624752
1781099348999534600,112.43953466796874,4.0685062892735,0.9071885790075326,7.258837949596255,23.068099020477014,59.229730654507875,76.53312683105469,8.00314303129606,8.751488114725,72.66036225942736,11.062496151983682
1781099349999531000,113.43953100585938,3.1001476692035794,0.9059204185749479,7.307762837369375,23.068117456862268,58.261372034437954,76.53312683105469,8.001736360436208,8.636172044444178,72.66045213852533,10.028927677569758
1781099350999527000,114.43952685546876,2.8338581919670105,0.9086113261404362,8.25479187832853,23.06813089279397,57.995082557201385,76.53312683105469,8.001020547590985,8.775527399555838,72.66053060149241,8.902175638839118
1781099351999523000,115.43952319335938,3.818442404270172,0.9107405141181012,9.13585582116065,23.068142873187075,58.97966676950455,76.53312683105469,8.000624347923972,8.902277317931492,72.66060290461276,8.077286277945108
1781099352999519200,116.43951928710938,3.895288254134357,0.9674754281353174,10.363291778990162,23.068154087903817,59.05651261936873,76.53312683105469,8.000430556571224,8.247494578187187,72.66067222793151,7.563574821109151
1781099353999515600,117.439515625,3.864408844150603,0.9384937204647044,11.21354427972982,23.068166710800092,59.02563320938498,76.53312683105469,8.000308590251645,7.985495481916885,72.66072956831503,6.780878556850226
1781099354999511300,118.43951123046875,2.9454894587397575,0.9136989307011336,13.11712789011439,23.068175675954283,58.10671382397413,76.53312683105469,8.0002467569237,8.724763418764347,72.66077388881038,5.638811114875229
1781099355999507500,119.43950756835937,3.2800967786461115,0.9146282316997176,16.588559901346954,23.06818571476704,58.44132114388049,72.95831298828125,8.000205577229066,7.9364118723056745,72.66080611118684,4.467254542642564
1781099356999503000,120.43950317382813,3.5188966523855925,0.9140284478426369,18.600915218319283,23.06819064669184,58.68012101761997,72.95831298828125,8.000176265495371,7.754770519941641,72.66084156204975,3.9812903154093453
1781099357999500000,121.4395,3.270009120926261,0.9220845049473424,19.452901501959794,23.06820071812743,58.431233486160636,72.95831298828125,8.000154243698814,7.71685293103433,72.66087532228363,3.8402742688250044
1781099358999476000,122.43947607421875,3.255702710710466,0.9207824777682251,23.485385210225225,23.068214553026277,58.41692707594484,72.95831298828125,8.000137091340848,7.581632922124909,72.66089667073982,3.176408660971016
1781099359999471600,123.4394716796875,3.1350145982578397,0.9252834960341954,25.34997898196871,23.068234012324297,58.296238963492215,72.95831298828125,8.00012340014565,7.572935573570086,72.66091519207117,2.9561469007840175
1781099360999475000,124.43947485351562,3.081915007904172,0.9173598940687007,23.55284544103739,23.068256814953845,58.24313937313855,71.96367645263672,8.000112248447952,7.625756031624718,72.6609383198222,3.1546302363715077
1781099361999483100,125.43948315429688,3.687448483891785,0.9098375793888638,17.295101788741157,23.068274115605675,58.84867284912616,71.96367645263672,8.000102853108322,7.336919691053101,72.66098335076184,4.253446915805429
1781099362999490800,126.43949072265625,3.6321104783564806,0.914509377858804,12.358651906372044,23.068266991080378,58.793334843590856,73.43284606933594,8.00009496640939,7.046215211707459,72.66106146916516,5.994028101454122
1781099363999500300,127.43950024414063,3.4513765713199973,0.9051833644966645,10.342668654548284,23.068297573291265,58.61260093655437,63.49811553955078,8.000081463728925,7.31843274328266,72.66113743847471,7.091538781305646
1781099364999511800,128.43951171875,3.1584879513829947,0.9105240303174046,9.845374047568823,23.06833232828006,58.31971231661737,63.49811553955078,8.000064917575212,7.319191061177701,72.66120181616066,7.493401243611299
1781099365999522600,129.4395224609375,3.2882138900458813,0.9155424559765769,9.004635247107176,23.068358327082827,58.449438255280256,63.49811553955078,8.000048351095199,7.1112474293282215,72.66128308629209,8.238781334181647
1781099366999535600,130.43953564453125,3.1821524780243635,0.9241778099606103,8.176836472849386,23.0684014947348,58.34337684325874,63.49811553955078,8.000033058222444,7.497465001522307,72.66136912448422,9.158112838735022
1781099367999549400,131.43954956054688,3.4366446640342474,0.912380515473326,7.5482760364364,23.06845420414317,58.59786902926862,63.49811553955078,8.00002058731853,8.177223728506359,72.66145263143588,9.794326032211575
1781099368999563800,132.43956372070312,3.931837390176952,0.7182578241013536,7.25637000792481,23.06849038516426,59.09306175541133,61.4460563659668,8.000012622446993,8.573601031410313,72.66155138455811,10.302741242896815
1781099369999578000,133.439578125,3.8350466219708323,0.9656731178532443,8.194776119339698,23.068529971370726,58.99627098720521,61.516212463378906,10.660935586658429,8.72081049218032,72.66162677827704,9.547979178628
1781099370999594200,134.43959423828124,3.5063502211123705,0.9281216424252258,7.315127677262872,23.068576532314115,58.667574586346745,61.516212463378906,12.266398123921864,9.971576219853869,72.66172903498074,10.280201178483274
1781099371999606000,135.43960595703126,4.04882747400552,0.9109266979337883,7.258262810102768,23.068626621143515,59.210051839239895,61.516212463378906,13.156247369797265,11.720211072198397,72.66182972991896,10.946913123814326
1781099372999619800,136.43961987304687,4.3127022087574005,0.9148591150260937,7.257782219668061,23.068688156696926,59.473926573991776,56.84322738647461,13.663654103425493,12.74700731094781,72.66193031003522,11.652982536190697
1781099373999633700,137.43963354492186,5.410999490879476,0.9101565390013441,7.2505883465454435,23.06875139469407,60.57222385611385,56.84322738647461,13.941516864380711,12.79304908975361,72.66202951712258,12.000569804611708
1781099374999649000,138.43964892578126,3.73910955991596,0.907929170606744,7.25678035059927,23.0688125361809,58.900333925150335,56.84322738647461,14.091213129772626,12.986892731583724,72.66212851530263,11.841537834467557
1781099375999661600,139.43966162109376,4.6362348748371005,0.9755794424351948,7.5157673591991605,23.068858731827465,59.797459240071476,56.84322738647461,14.161298583076464,11.11673661740484,72.66220657030343,10.516833882505434
1781099376999674400,140.43967431640624,3.4335403786972165,0.9243214816414997,8.236999014884377,23.068894673306385,58.59476474393159,59.902374267578125,14.196358427842648,11.303701013763801,72.66227272823546,9.080943930734646
1781099377999683800,141.4396838378906,3.9754736376926303,0.9196920929390977,9.137593052987526,23.068925519808722,59.136698002927005,59.902374267578125,14.215627984504552,11.538794012704178,72.66233718037164,8.15569374097314
1781099378999695400,142.4396953125,4.226069177500904,1.0039270006115049,10.977197146933044,23.068960049215924,59.38729354273528,59.902374267578125,14.224720665117134,10.60844134563492,72.66239114853182,7.410301996195689
1781099379999704800,143.43970483398436,4.380601580254734,0.7185024628376342,8.863340276562054,23.068990794394477,59.54182594548911,56.92255783081055,12.642884905802033,10.59750824452327,72.6624315709244,6.567885197450215
1781099380999713500,144.43971362304688,4.49435883294791,0.7185226081827513,8.551413226436107,23.069017370405444,59.655583198182285,56.92255783081055,11.627598990821502,10.478163091501996,72.66249045659978,6.807748398205992
1781099381999721500,145.4397214355469,5.3180352952331305,0.7172442395011698,7.65805945374896,23.06905688533101,60.479259660467505,56.92255783081055,10.840470142290352,9.682946684193617,72.66255403801033,7.574519175888612
1781099382999728400,146.43972827148437,4.9404949732124805,0.7184498710902649,7.258136957994713,23.06909338382617,60.101719338446856,56.92255783081055,10.132537812292366,8.726219098434115,72.66262896316948,8.531092731939168
1781099383999735800,147.43973583984376,4.785366455093026,0.7185355504965006,7.258744282049603,23.069183345642102,59.9465908203274,30.700590133666992,9.48263554547109,8.231965995193342,72.66266544813524,9.313349904837292
1781099384999742700,148.43974267578125,4.197877797298133,0.7170753119701423,7.257977979360485,23.06927417814592,59.35910216253251,14.818377494812012,8.925376312913839,7.578818053578266,72.66270187431095,10.288787859071373
1781099385999747300,149.43974731445311,4.012365538626909,0.717820139554393,7.2584681878890605,23.06937494690734,59.173589903861284,357.87933349609375,8.55273256907678,7.410041637134951,72.662682516177,10.941819856539412
1781099386999752400,150.43975244140626,4.71356154512614,0.7182699249647853,7.256942200131848,23.069479979980727,59.874785910360515,357.87933349609375,8.303136931534855,6.959079304056552,72.66267831276193,11.590280496659945
1781099387999757800,151.4397578125,4.860827485099435,0.7184105014993057,7.257358944962952,23.069592644973103,60.02205185033381,357.87933349609375,8.161292247229397,7.371884889058849,72.66267380392253,12.258975798441659
1781099388999762200,152.43976220703124,4.4985441686585546,0.7182922099008173,7.258669502153017,23.069709733927052,59.65976853389293,357.87933349609375,8.082827113237327,7.343959825961846,72.66266911805724,12.708947701750244
1781099389999765500,153.439765625,4.230287994258106,0.7184191560651847,7.258250143150942,23.06983009205577,59.39151235949248,0,8.041446272643462,7.125173895412502,72.66266852690342,12.91902146871977
1781099390999769300,154.43976928710939,4.1465667663142085,0.8875126256257058,7.258107393614087,23.069944784564342,59.30779113154858,1.7062275041623418,8.02073756727835,6.98852996077282,72.66271586415694,12.701002923735937
1781099391999772700,155.43977270507813,5.130412722937763,0.8995121849611922,7.256775707055327,23.07005933561882,60.29163708817214,357.4635435031899,8.01049730544128,6.95256687995374,72.66270174563192,12.625666102584713
1781099392999775000,156.43977490234374,4.850217557512224,0.9042946281973303,7.258531233924736,23.070171493418833,60.0114419227466,358.3643255763602,8.005346544001455,6.910053142313701,72.66269918034678,12.491101099069398
1781099393999777800,157.43977783203124,4.331168425269425,0.9107441106029501,7.258257578249575,23.070275887881344,59.4923927905038,358.7619994193225,8.002787298493047,7.036640597395429,72.66269851207578,12.033049215039973
1781099394999780000,158.43978002929688,4.278904912993312,0.9997231920540604,7.258692460488376,23.07037899744093,59.44012927822769,359.1998418527865,8.001473635563945,5.754088728446441,72.66269655472337,11.653824099375491
1781099395999781000,159.43978100585937,4.28571299277246,0.9033043611041691,7.25897394171658,23.07047743180724,59.446937358006835,1.300471614516251,8.00079661537608,7.389580044896019,72.66270077436913,11.295871490175706
1781099396999783000,160.43978295898438,4.083874475210905,0.9158979296349938,7.258696666872944,23.070576291965782,59.24509884044528,0.7799177648310156,8.000434200715995,7.287709835504191,72.66270149720233,11.111458066213872
1781099397999785000,161.4397849121094,4.3820860562846065,0.9119398829436484,7.25884266260631,23.070669596644954,59.54331042151898,359.1922284660418,8.000240549432702,7.174359242703019,72.66269690939784,10.766268339130395
1781099398999785500,162.43978540039063,4.401456970721483,0.9008700529749073,7.258916131410736,23.07075963330653,59.56268133595586,1.449612428282705,8.00013472473687,7.092802156356825,72.66270208960889,10.332981101960467
1781099399999786500,163.43978637695312,3.941811168566346,0.904228903304833,7.619193937720608,23.070841534932722,59.10303553380072,5.889986049876651,8.000077179152061,7.095040018631264,72.6627175220491,9.614355516601165
1781099400999786800,164.43978686523437,3.6315853828564286,0.9147376787029637,8.183609259557233,23.070916742658714,58.792809748090804,10.041981534772622,8.000045897228524,6.7431400110343285,72.66273728494336,9.051648504823234
1781099401999787300,165.4397873535156,4.070416052825749,0.911922242619401,8.482253538668717,23.070988589030012,59.231640418060124,14.011417275613566,8.00002778335935,6.224958737517425,72.66276112529532,8.711246118739501
1781099402999787800,166.43978784179689,4.171593219041824,0.9009304697393712,8.503957253366236,23.071058413783366,59.3328175842762,18.240850279783597,8.00001835997163,6.946187912815657,72.66279359566175,8.583676364569898
1781099403999787500,167.43978759765625,3.969606482423842,1.6938643363282633,17.380456185097877,23.071120099051463,59.13083084765822,19.429077372779073,8.000012304206859,7.0334830821333245,72.66281804691198,7.8968557058297995
1781099404999787300,168.4397873535156,3.9048335179686546,2.703124933632094,33.00467274503336,23.071169136852912,59.06605788320303,20.516103891573046,8.00000877161181,6.992612702658652,72.66283879072189,6.635643269856153
1781099405999787800,169.43978784179689,3.972959884442389,2.7071937979575984,37.4026240291739,23.071216667747734,59.134184249676764,21.093117960588625,8.000006856291016,7.032006930286406,72.66285702542358,5.864816126968388
1781099406999787500,170.43978759765625,3.936017544940114,2.7047088151153136,46.98735384555462,23.07124965211025,59.09724191017449,26.153907317631685,8.000005715506713,7.322568255781028,72.6628780695371,4.6634913990739255
1781099407999786500,171.43978637695312,4.180958936922252,2.706938171009027,74.40060235324219,23.071267386598716,59.34218330215663,27.51876167546993,8.0000049176005,7.478014904979284,72.66288908446484,2.9419759363230553
1781099408999786800,172.43978686523437,4.281787883490324,3.4097959935465743,180,23.071269175144568,59.4430122487247,28.275395551056143,8.00000429849291,7.749386203180857,72.66289139203893,1.0886092761869945
1781099409999786000,173.43978588867188,3.8818670390173793,4.065219802906597,180,23.071269863759806,59.043091404251754,28.27539580030308,8.000003817626686,7.026194406808371,72.66289205003646,0.38112414177814224
1781099410999784400,174.43978442382812,4.075385559350252,4.070659810501418,180,23.071269918071106,59.23660992458463,28.275395553060363,8.00000343521234,6.842399931290069,72.6628913567697,0.16167431655855496
1781099411999783200,175.439783203125,4.373260773718357,4.055257542039232,180,23.071279859099203,59.53448513895273,28.275397018223668,8.000003110360572,6.6946860902634,72.6628949005636,0.760404856675567
1781099412999782400,176.43978247070314,4.245725831948221,3.1925034071271994,180,23.071272486314477,59.406950197182596,28.275393720252215,8.000002861108587,6.736131905800972,72.6628860984686,0.16935171644453859
1781099413999780900,177.43978076171874,4.314586903899908,1.347324521915051,180,23.07127462497629,59.47581126913428,28.275393918935364,8.000002639690102,7.060003550860683,72.66288653553637,0.329017466597389
